Famille,N_samples,Accuracy,Precision,Recall,F1_Score,Taux_Fondees_Reel,Taux_Fondees_Pred,Montant_Moyen,TN,FP,FN,TP
Monétique,1981,1.0,1.0,1.0,1.0,0.6491670873296315,0.6491670873296315,554.9396062594649,695,0,0,1286
Crédit,1951,1.0,1.0,1.0,1.0,0.5238339313172732,0.5238339313172732,9981.194905176832,929,0,0,1022
Epargne,2044,1.0,1.0,1.0,1.0,0.4094911937377691,0.4094911937377691,6171.120283757338,1207,0,0,837
Frais bancaires,2024,0.9985177865612648,1.0,0.9964328180737217,0.9982132221560452,0.41551383399209485,0.4140316205533597,41.23651679841897,1183,0,3,838
